,executor_instances,executor_cores,executor-memory (MB),input data size (MB),query,dag depth, dag width,stage_count, predicted_runtime(seconds),actual,RFLoca,reloca_error,FileScan,Filter,BroadcastHashJoin,BroadcastExchange,HashAggregate,Project,Sort,SortMergeJoin,Subquery,Union,Expand,ExchangeHashpartitioning,ExchangeSinglePartition,ReusedExchange,Empty,TakeOrderedAndProject,CollectLimit,Error
0,10,2,4000,500,Q11,4,8,21,338,210,115.35394,0.45069551,12,14,4,4,8,10,12,7,0,0,0,16,0,0,0,1,0,0
1,10,2,4000,500,Q12,3,1,5,40,46,112.51494,1.445976921,3,3,2,2,2,4,1,0,0,0,0,2,0,0,1,1,0,0
2,10,2,4000,500,Q13,2,1,7,32,66,112.758934,0.708468697,6,6,5,5,1,7,0,0,0,0,0,0,1,0,0,0,0,1
3,10,2,4000,500,Q15,4,3,7,121,108,113.043846,0.046702279,4,4,1,1,2,4,4,2,0,0,0,5,0,0,0,1,0,0
4,10,2,4000,500,Q16,3,3,8,278,138,113.01963,0.181017171,6,4,3,3,3,7,3,2,0,0,0,3,1,0,0,0,0,1
5,10,2,4000,500,Q17,4,3,11,339,318,113.83319,0.642033991,8,8,5,5,2,10,4,2,0,0,0,5,0,0,0,1,0,0
6,10,2,4000,500,Q18,4,3,10,59,72,113.6766,0.578841633,7,7,4,4,2,9,4,2,0,0,1,5,0,0,0,1,0,0
7,10,2,4000,500,Q19,3,2,8,59,59,113.203445,0.918702465,6,6,4,4,2,7,2,1,0,0,0,3,0,0,0,1,0,0
8,10,2,4000,500,Q20,3,1,5,40,47,112.51494,1.393934859,3,3,2,2,2,4,1,0,0,0,0,2,0,0,1,1,0,0
9,10,2,4000,500,Q21,2,1,5,32,43,112.61096,1.618859579,4,5,3,3,2,4,0,0,0,0,0,1,0,0,0,1,0,0
10,10,2,4000,500,Q22,2,1,5,32,60,112.592415,0.876540248,4,4,3,3,2,4,0,0,0,0,1,1,0,0,0,1,0,0
11,10,2,4000,500,Q25,4,3,11,339,312,113.83319,0.635150029,8,8,5,5,2,10,4,2,0,0,0,5,0,0,0,1,0,0
12,10,2,4000,500,Q26,2,1,6,32,50,112.83711,1.256742249,5,5,4,4,2,7,0,0,0,0,0,1,0,0,0,1,0,0
13,10,2,4000,500,Q27,2,1,6,32,72,112.81179,0.566830423,5,5,4,4,2,6,0,0,0,0,1,1,0,0,0,1,0,0
14,10,2,4000,500,Q28,3,6,13,92,96,112.32704,0.17007335,6,6,0,5,24,6,0,0,0,0,0,6,6,0,4,0,0,1
15,10,2,4000,500,Q29,4,3,11,339,234,113.83319,0.513533372,8,8,5,5,2,10,4,2,0,0,0,5,0,0,0,1,0,0
16,10,2,4000,500,Q30,4,3,12,106,51,113.92928,1.233907513,8,10,5,5,6,10,4,2,0,0,0,6,0,0,0,1,0,0
17,10,2,4000,500,Q31,3,6,25,92,84,115.71712,0.37758473,18,18,12,12,12,15,7,5,0,0,0,12,0,0,1,0,0,0
18,10,2,4000,500,Q32,3,2,7,40,50,112.88931,1.257786255,5,6,3,3,3,7,2,1,0,0,0,2,1,0,0,0,0,1
19,10,2,4000,500,Q33,3,3,17,92,60,114.73769,0.912294896,15,15,12,12,8,18,0,0,0,1,0,4,0,0,0,1,0,0
20,10,2,4000,500,Q34,3,2,7,106,54,113.090866,1.094275298,5,6,3,3,2,7,3,1,0,0,0,3,0,0,1,0,0,0
21,10,2,4000,500,Q35,3,4,11,112,72,113.944305,0.582559797,9,10,5,5,2,9,4,3,0,0,0,5,0,0,0,1,0,0
22,10,2,4000,500,Q36,3,1,6,40,57,112.75302,0.97812318,4,4,3,3,2,6,1,0,0,0,1,2,0,0,1,1,0,0
23,10,2,4000,500,Q37,3,2,6,59,59,112.896866,0.913506201,4,4,2,2,2,6,2,1,0,0,0,3,0,0,0,1,0,0
24,10,2,4000,500,Q38,5,6,17,127,120,114.39857,0.046678607,9,9,3,3,7,10,9,5,0,0,0,12,1,0,0,0,0,1
25,10,2,4000,500,Q40,3,2,7,113,84,112.984085,0.345048632,5,5,3,3,2,5,2,1,0,0,0,3,0,0,0,1,0,0
26,10,2,4000,500,Q41,3,2,4,40,38,112.454414,1.959326694,2,3,1,1,4,4,0,0,0,0,0,2,0,0,0,1,0,0
27,10,2,4000,500,Q42,2,1,4,32,48,112.44243,1.342550596,3,3,2,2,2,4,0,0,0,0,0,1,0,0,0,1,0,0
28,10,2,4000,500,Q43,2,1,4,32,49,112.44243,1.294743441,3,3,2,2,2,4,0,0,0,0,0,1,0,0,0,1,0,0
29,10,2,4000,500,Q44,3,4,9,40,56,113.08391,1.019355501,6,10,2,2,8,9,4,1,2,0,0,4,2,0,4,1,0,0
30,10,2,4000,500,Q45,4,3,9,121,100,113.47578,0.134757767,6,7,3,3,2,7,4,2,0,0,0,5,0,0,0,1,0,0
31,10,2,4000,500,Q46,3,2,9,52,60,113.42281,0.890380224,7,7,5,5,2,9,2,1,0,0,0,3,0,0,0,1,0,0
32,10,2,4000,500,Q47,4,3,19,100,90,114.646675,0.273851946,12,14,9,9,6,14,6,2,0,0,0,9,0,0,4,1,0,0
33,10,2,4000,500,Q48,2,1,6,32,53,112.58362,1.124219211,5,5,4,4,1,6,0,0,0,0,0,0,1,0,0,0,0,1
34,10,2,4000,500,Q49,5,6,17,127,140,114.3344,0.18332574,9,12,3,3,8,15,12,3,0,1,0,10,3,0,6,1,0,0
35,10,2,4000,500,Q50,3,2,7,278,120,112.984085,0.058465958,5,5,3,3,2,5,2,1,0,0,0,3,0,0,0,1,0,0
36,10,2,4000,500,Q51,5,2,10,54,96,113.19373,0.179101388,4,5,2,2,4,7,5,1,0,0,0,7,0,0,3,1,0,0
37,10,2,4000,500,Q52,2,1,4,32,49,112.44243,1.294743441,3,3,2,2,2,4,0,0,0,0,0,1,0,0,0,1,0,0
38,10,2,4000,500,Q53,3,1,6,40,54,112.77156,1.088362235,4,5,3,3,2,6,1,0,0,0,0,2,0,0,1,1,0,0
39,10,2,4000,500,Q54,5,7,15,181,120,114.476746,0.04602712,11,11,4,4,10,14,6,3,2,1,0,9,0,0,2,1,0,0
40,10,2,4000,500,Q55,2,1,4,32,50,112.44243,1.248848572,3,3,2,2,2,4,0,0,0,0,0,1,0,0,0,1,0,0
41,10,2,4000,500,Q56,3,3,17,92,59,114.73769,0.944706674,15,15,12,12,8,18,0,0,0,1,0,4,0,0,0,1,0,0
42,10,2,4000,500,Q57,4,3,19,100,59,114.646675,0.943163985,12,14,9,9,6,14,6,2,0,0,0,9,0,0,4,1,0,0
43,10,2,4000,500,Q58,2,3,16,85,66,114.53199,0.735333183,15,18,9,9,6,17,3,2,3,0,0,3,0,0,3,1,0,0
44,10,2,4000,500,Q59,3,2,11,40,66,113.58633,0.721004948,8,8,6,6,4,9,2,1,0,0,0,4,0,0,0,1,0,0
45,10,2,4000,500,Q60,3,3,17,92,59,114.73769,0.944706674,15,15,12,12,8,18,0,0,0,1,0,4,0,0,0,1,0,0
46,10,2,4000,500,Q61,3,4,16,59,72,114.66891,0.592623711,13,13,9,10,4,21,4,2,0,0,0,4,2,0,1,0,0,0
47,10,2,4000,500,Q62,2,1,6,32,44,112.74904,1.562478152,5,5,4,4,2,5,0,0,0,0,0,1,0,0,0,1,0,0
48,10,2,4000,500,Q63,3,1,6,40,54,112.77156,1.088362235,4,5,3,3,2,6,1,0,0,0,0,2,0,0,1,1,0,0
49,10,2,4000,500,Q64,8,14,53,505,1020,121.55007,0.880833263,38,40,24,24,8,41,27,13,0,0,0,28,0,0,1,0,0,0
50,10,2,4000,500,Q65,3,2,9,40,114,113.29955,0.006144273,6,8,4,4,6,7,2,1,0,0,0,4,0,0,0,1,0,0
51,10,2,4000,500,Q66,3,2,12,40,90,113.80697,0.264521874,10,10,8,8,6,12,0,0,0,1,0,3,0,0,0,1,0,0
52,10,2,4000,500,Q67,3,1,6,40,360,112.70217,0.686938413,4,5,3,3,2,4,1,0,0,0,1,2,0,0,1,1,0,0
53,10,2,4000,500,Q68,3,2,9,52,96,113.42281,0.18148764,7,7,5,5,2,9,2,1,0,0,0,3,0,0,0,1,0,0
54,10,2,4000,500,Q69,3,4,11,112,60,113.95108,0.899184672,9,9,5,5,2,10,4,3,0,0,0,5,0,0,0,1,0,0
55,10,2,4000,500,Q70,4,3,9,67,72,113.35313,0.57434898,6,7,4,4,4,8,3,1,0,0,1,4,0,0,2,1,0,0
56,10,2,4000,500,Q71,2,3,9,32,66,113.316956,0.716923569,8,8,5,5,2,10,1,0,0,1,0,1,0,0,1,0,0,0
57,10,2,4000,500,Q72,4,3,14,256,960,114.359146,0.880875889,11,11,8,8,2,13,4,2,0,0,0,5,0,0,0,1,0,0
58,10,2,4000,500,Q73,3,2,7,106,52,113.090866,1.174824348,5,6,3,3,2,7,3,1,0,0,0,3,0,0,1,0,0,0
59,10,2,4000,500,Q74,4,8,21,174,162,115.35394,0.287938624,12,14,4,4,8,10,12,7,0,0,0,16,0,0,0,1,0,0
60,10,2,4000,500,Q75,5,12,31,127,132,117.674545,0.108526172,24,24,12,12,8,25,14,7,0,2,0,18,0,0,0,1,0,0
61,10,2,4000,500,Q76,2,3,10,32,59,113.290634,0.92018024,9,9,6,6,2,6,0,0,0,1,0,1,0,0,0,1,0,0
62,10,2,4000,500,Q77,3,6,18,92,108,115.18471,0.066525071,16,16,10,10,14,19,4,2,0,1,1,7,0,0,1,1,0,0
63,10,2,4000,500,Q78,3,6,13,369,384,114.43964,0.701980114,9,13,3,3,6,8,9,5,0,0,0,9,0,0,0,1,0,0
64,10,2,4000,500,Q79,3,2,7,52,72,113.072174,0.570446862,5,5,3,3,2,7,2,1,0,0,0,3,0,0,0,1,0,0
65,10,2,4000,500,Q80,4,6,23,377,576,116.05133,0.798521996,18,18,12,12,8,24,6,3,0,1,1,10,0,0,0,1,0,0
66,10,2,4000,500,Q81,5,4,13,113,56,114.12031,1.037862641,8,10,4,4,6,9,6,3,0,0,0,8,0,0,0,1,0,0
67,10,2,4000,500,Q82,3,2,6,59,84,112.896866,0.344010308,4,4,2,2,2,6,2,1,0,0,0,3,0,0,0,1,0,0
68,10,2,4000,500,Q83,2,3,16,85,46,114.72592,1.494041775,15,12,12,12,6,17,3,2,0,0,0,3,0,0,0,1,0,0
69,10,2,4000,500,Q84,2,2,7,52,48,113.13705,1.357021809,6,6,4,4,0,7,2,1,0,0,0,2,0,0,0,1,0,0
70,10,2,4000,500,Q85,3,2,10,249,57,113.554085,0.992176926,8,8,6,6,2,9,2,1,0,0,0,3,0,0,0,1,0,0
71,10,2,4000,500,Q86,3,1,5,40,47,112.533646,1.394332886,3,3,2,2,2,4,1,0,0,0,1,2,0,0,1,1,0,0
72,10,2,4000,500,Q87,5,6,17,127,90,114.39857,0.271095191,9,9,3,3,7,10,9,5,0,0,0,12,1,0,0,0,0,1
73,10,2,4000,500,Q88,2,8,33,85,78,117.083,0.501064105,32,32,24,31,16,48,0,0,0,0,0,0,8,0,6,0,0,1
74,10,2,4000,500,Q89,3,1,6,40,55,112.72751,1.049591064,4,5,3,3,2,5,1,0,0,0,0,2,0,0,1,1,0,0
75,10,2,4000,500,Q90,2,2,9,32,39,113.22425,1.903185918,8,8,6,7,4,13,0,0,0,0,0,0,2,0,1,0,0,0
76,10,2,4000,500,Q91,3,2,9,59,41,113.404236,1.765956972,7,7,5,5,2,9,3,1,0,0,0,3,0,0,1,0,0,0
77,10,2,4000,500,Q92,3,2,7,40,47,112.88931,1.401900271,5,6,3,3,3,7,2,1,0,0,0,2,1,0,0,0,0,1
78,10,2,4000,500,Q93,3,2,5,278,228,112.59619,0.506157055,3,2,1,1,2,3,2,1,0,0,0,3,0,0,0,1,0,0
79,10,2,4000,500,Q94,3,3,8,113,78,113.01963,0.448969621,6,4,3,3,3,7,3,2,0,0,0,3,1,0,0,0,0,1
80,10,2,4000,500,Q95,3,6,11,113,150,113.90861,0.240609283,9,9,3,3,3,9,6,5,0,0,0,6,1,0,0,0,0,1
81,10,2,4000,500,Q96,2,1,5,32,43,112.45233,1.615170501,4,4,3,3,1,6,0,0,0,0,0,0,1,0,0,0,0,1
82,10,2,4000,500,Q97,3,2,6,40,90,112.62201,0.251355659,4,4,2,2,5,5,2,1,0,0,0,2,1,0,0,0,0,1
83,10,2,4000,500,Q98,3,1,5,40,55,112.540405,1.046189187,3,3,2,2,2,5,2,0,0,0,0,2,0,0,2,0,0,0
84,10,2,4000,500,Q99,2,1,6,32,51,112.74904,1.210765465,5,5,4,4,2,5,0,0,0,0,0,1,0,0,0,1,0,0
85,6,2,4000,500,Q21,2,1,5,32,42,112.63988,1.681901841,4,5,3,3,2,4,0,0,0,0,0,1,0,0,0,1,0,0
86,6,2,4000,500,Q22,2,1,5,32,72,112.62133,0.564185143,4,4,3,3,2,4,0,0,0,0,1,1,0,0,0,1,0,0
87,6,2,4000,500,Q25,4,3,11,497,450,113.86208,0.746973148,8,8,5,5,2,10,4,2,0,0,0,5,0,0,0,1,0,0
88,6,2,4000,500,Q26,2,1,6,32,55,112.86601,1.05210932,5,5,4,4,2,7,0,0,0,0,0,1,0,0,0,1,0,0
89,6,2,4000,500,Q27,2,1,6,32,66,112.84069,0.709707434,5,5,4,4,2,6,0,0,0,0,1,1,0,0,0,1,0,0
90,6,2,4000,500,Q28,3,6,13,92,126,112.36066,0.108248756,6,6,0,5,24,6,0,0,0,0,0,6,6,0,4,0,0,1
91,6,2,4000,500,Q29,4,3,11,497,342,113.86208,0.667069931,8,8,5,5,2,10,4,2,0,0,0,5,0,0,0,1,0,0
92,6,2,4000,500,Q30,4,3,12,106,53,113.95819,1.150154546,8,10,5,5,6,10,4,2,0,0,0,6,0,0,0,1,0,0
93,6,2,4000,500,Q31,3,6,25,92,108,115.74603,0.071722525,18,18,12,12,12,15,7,5,0,0,0,12,0,0,1,0,0,0
94,6,2,4000,500,Q32,3,2,7,40,53,112.91822,1.130532463,5,6,3,3,3,7,2,1,0,0,0,2,1,0,0,0,0,1
95,6,2,4000,500,Q33,3,3,17,92,66,114.7666,0.738887902,15,15,12,12,8,18,0,0,0,1,0,4,0,0,0,1,0,0
96,6,2,4000,500,Q34,3,2,7,106,55,113.119774,1.056723161,5,6,3,3,2,7,3,1,0,0,0,3,0,0,1,0,0,0
97,6,2,4000,500,Q35,3,4,11,112,66,113.97322,0.726866982,9,10,5,5,2,9,4,3,0,0,0,5,0,0,0,1,0,0
98,6,2,4000,500,Q36,3,1,6,40,60,112.781906,0.879698435,4,4,3,3,2,6,1,0,0,0,1,2,0,0,1,1,0,0
99,6,2,4000,500,Q37,3,2,6,59,59,112.925766,0.913996034,4,4,2,2,2,6,2,1,0,0,0,3,0,0,0,1,0,0
100,6,2,4000,500,Q38,5,6,17,127,102,114.42747,0.121837915,9,9,3,3,7,10,9,5,0,0,0,12,1,0,0,0,0,1
101,6,2,4000,500,Q40,3,2,7,113,102,113.01299,0.107970518,5,5,3,3,2,5,2,1,0,0,0,3,0,0,0,1,0,0
102,6,2,4000,500,Q41,3,2,4,40,34,112.4833,2.308332331,2,3,1,1,4,4,0,0,0,0,0,2,0,0,0,1,0,0
103,6,2,4000,500,Q42,2,1,4,32,48,112.47134,1.343152841,3,3,2,2,2,4,0,0,0,0,0,1,0,0,0,1,0,0
104,6,2,4000,500,Q43,2,1,4,32,50,112.47134,1.249426727,3,3,2,2,2,4,0,0,0,0,0,1,0,0,0,1,0,0
105,6,2,4000,500,Q44,3,4,9,40,58,113.112785,0.950220437,6,10,2,2,8,9,4,1,2,0,0,4,2,0,4,1,0,0
106,6,2,4000,500,Q45,4,3,9,121,102,113.504684,0.112791024,6,7,3,3,2,7,4,2,0,0,0,5,0,0,0,1,0,0
107,6,2,4000,500,Q46,3,2,9,52,66,113.45171,0.718965357,7,7,5,5,2,9,2,1,0,0,0,3,0,0,0,1,0,0
108,6,2,4000,500,Q47,4,3,19,100,90,114.675575,0.274173058,12,14,9,9,6,14,6,2,0,0,0,9,0,0,4,1,0,0
109,6,2,4000,500,Q48,2,1,6,32,60,112.6125,0.876875051,5,5,4,4,1,6,0,0,0,0,0,0,1,0,0,0,0,1
110,6,2,4000,500,Q49,5,6,17,127,180,114.3633,0.364648353,9,12,3,3,8,15,12,3,0,1,0,10,3,0,6,1,0,0
111,6,2,4000,500,Q50,3,2,7,436,156,113.01299,0.275557738,5,5,3,3,2,5,2,1,0,0,0,3,0,0,0,1,0,0
112,6,2,4000,500,Q51,5,2,10,54,120,113.222626,0.056478119,4,5,2,2,4,7,5,1,0,0,0,7,0,0,3,1,0,0
113,6,2,4000,500,Q52,2,1,4,32,51,112.47133,1.205320171,3,3,2,2,2,4,0,0,0,0,0,1,0,0,0,1,0,0
114,6,2,4000,500,Q53,3,1,6,40,54,112.80045,1.088897281,4,5,3,3,2,6,1,0,0,0,0,2,0,0,1,1,0,0
115,6,2,4000,500,Q54,5,7,15,181,162,114.505646,0.293175026,11,11,4,4,10,14,6,3,2,1,0,9,0,0,2,1,0,0
116,6,2,4000,500,Q55,2,1,4,32,50,112.47134,1.249426727,3,3,2,2,2,4,0,0,0,0,0,1,0,0,0,1,0,0
117,6,2,4000,500,Q56,3,3,17,92,66,114.7666,0.738887902,15,15,12,12,8,18,0,0,0,1,0,4,0,0,0,1,0,0
118,6,2,4000,500,Q57,4,3,19,100,60,114.675575,0.911259588,12,14,9,9,6,14,6,2,0,0,0,9,0,0,4,1,0,0
119,6,2,4000,500,Q58,2,3,16,85,66,114.56088,0.735770948,15,18,9,9,6,17,3,2,3,0,0,3,0,0,3,1,0,0
120,6,2,4000,500,Q59,3,2,11,40,78,113.61521,0.456605275,8,8,6,6,4,9,2,1,0,0,0,4,0,0,0,1,0,0
121,6,2,4000,500,Q60,3,3,17,92,66,114.7666,0.738887902,15,15,12,12,8,18,0,0,0,1,0,4,0,0,0,1,0,0
122,6,2,4000,500,Q61,3,4,16,59,84,114.697815,0.365450178,13,13,9,10,4,21,4,2,0,0,0,4,2,0,1,0,0,0
123,6,2,4000,500,Q62,2,1,6,32,44,112.77792,1.563134627,5,5,4,4,2,5,0,0,0,0,0,1,0,0,0,1,0,0
124,6,2,4000,500,Q63,3,1,6,40,53,112.80045,1.128310437,4,5,3,3,2,6,1,0,0,0,0,2,0,0,1,1,0,0
125,6,2,4000,500,Q64,8,14,53,921,780,121.57784,0.844130971,38,40,24,24,8,41,27,13,0,0,0,28,0,0,1,0,0,0
126,6,2,4000,500,Q65,3,2,9,40,126,113.328445,0.100567893,6,8,4,4,6,7,2,1,0,0,0,4,0,0,0,1,0,0
127,6,2,4000,500,Q66,3,2,12,40,90,113.835846,0.264842733,10,10,8,8,6,12,0,0,0,1,0,3,0,0,0,1,0,0
128,6,2,4000,500,Q67,3,1,6,40,444,112.73107,0.74610119,4,5,3,3,2,4,1,0,0,0,1,2,0,0,1,1,0,0
129,6,2,4000,500,Q68,3,2,9,52,84,113.45171,0.350615638,7,7,5,5,2,9,2,1,0,0,0,3,0,0,0,1,0,0
130,6,2,4000,500,Q69,3,4,11,112,60,113.979996,0.899666595,9,9,5,5,2,10,4,3,0,0,0,5,0,0,0,1,0,0
131,6,2,4000,500,Q70,4,3,9,67,72,113.38202,0.574750264,6,7,4,4,4,8,3,1,0,0,1,4,0,0,2,1,0,0
132,6,2,4000,500,Q71,2,3,9,32,72,113.34587,0.574248208,8,8,5,5,2,10,1,0,0,1,0,1,0,0,1,0,0,0
133,6,2,4000,500,Q72,4,3,14,514,1500,114.38803,0.923741313,11,11,8,8,2,13,4,2,0,0,0,5,0,0,0,1,0,0
134,6,2,4000,500,Q73,3,2,7,106,53,113.119774,1.134335356,5,6,3,3,2,7,3,1,0,0,0,3,0,0,1,0,0,0
135,6,2,4000,500,Q74,4,8,21,174,228,115.38284,0.493934899,12,14,4,4,8,10,12,7,0,0,0,16,0,0,0,1,0,0
136,6,2,4000,500,Q75,5,12,31,127,162,117.70343,0.273435616,24,24,12,12,8,25,14,7,0,2,0,18,0,0,0,1,0,0
137,6,2,4000,500,Q76,2,3,10,32,60,113.319534,0.888658905,9,9,6,6,2,6,0,0,0,1,0,1,0,0,0,1,0,0
138,6,2,4000,500,Q77,3,6,18,92,114,115.2136,0.010645615,16,16,10,10,14,19,4,2,0,1,1,7,0,0,1,1,0,0
139,6,2,4000,500,Q78,3,6,13,527,498,114.46852,0.770143532,9,13,3,3,6,8,9,5,0,0,0,9,0,0,0,1,0,0
140,6,2,4000,500,Q79,3,2,7,52,66,113.10109,0.713652871,5,5,3,3,2,7,2,1,0,0,0,3,0,0,0,1,0,0
141,6,2,4000,500,Q80,4,6,23,535,720,116.08024,0.838777447,18,18,12,12,8,24,6,3,0,1,1,10,0,0,0,1,0,0
142,6,2,4000,500,Q81,5,4,13,113,54,114.149216,1.113874365,8,10,4,4,6,9,6,3,0,0,0,8,0,0,0,1,0,0
143,6,2,4000,500,Q82,3,2,6,59,102,112.925766,0.107115353,4,4,2,2,2,6,2,1,0,0,0,3,0,0,0,1,0,0
144,6,2,4000,500,Q83,2,3,16,85,42,114.75482,1.732257661,15,12,12,12,6,17,3,2,0,0,0,3,0,0,0,1,0,0
145,6,2,4000,500,Q84,2,2,7,52,45,113.16594,1.514798652,6,6,4,4,0,7,2,1,0,0,0,2,0,0,0,1,0,0
146,6,2,4000,500,Q85,3,2,10,507,60,113.58298,0.893049622,8,8,6,6,2,9,2,1,0,0,0,3,0,0,0,1,0,0
147,6,2,4000,500,Q86,3,1,5,40,44,112.562546,1.558239677,3,3,2,2,2,4,1,0,0,0,1,2,0,0,1,1,0,0
148,6,2,4000,500,Q87,5,6,17,127,102,114.42747,0.121837915,9,9,3,3,7,10,9,5,0,0,0,12,1,0,0,0,0,1
149,6,2,4000,500,Q88,2,8,33,85,96,117.111885,0.219915469,32,32,24,31,16,48,0,0,0,0,0,0,8,0,6,0,0,1
150,6,2,4000,500,Q89,3,1,6,40,57,112.75641,0.978182609,4,5,3,3,2,5,1,0,0,0,0,2,0,0,1,1,0,0
151,6,2,4000,500,Q90,2,2,9,32,39,113.253136,1.903926556,8,8,6,7,4,13,0,0,0,0,0,0,2,0,1,0,0,0
152,6,2,4000,500,Q91,3,2,9,59,39,113.43313,1.908541753,7,7,5,5,2,9,3,1,0,0,0,3,0,0,1,0,0,0
153,6,2,4000,500,Q92,3,2,7,40,44,112.91822,1.566323194,5,6,3,3,3,7,2,1,0,0,0,2,1,0,0,0,0,1
154,6,2,4000,500,Q93,3,2,5,436,318,112.62509,0.645833045,3,2,1,1,2,3,2,1,0,0,0,3,0,0,0,1,0,0
155,6,2,4000,500,Q94,3,3,8,113,96,113.04852,0.177588781,6,4,3,3,3,7,3,2,0,0,0,3,1,0,0,0,0,1
156,6,2,4000,500,Q95,3,6,11,113,204,113.93752,0.441482731,9,9,3,3,3,9,6,5,0,0,0,6,1,0,0,0,0,1
157,6,2,4000,500,Q96,2,1,5,32,43,112.48125,1.615842952,4,4,3,3,1,6,0,0,0,0,0,0,1,0,0,0,0,1
158,6,2,4000,500,Q97,3,2,6,40,120,112.65091,0.061242421,4,4,2,2,5,5,2,1,0,0,0,2,1,0,0,0,0,1
159,6,2,4000,500,Q98,3,1,5,40,57,112.5693,0.974899961,3,3,2,2,2,5,2,0,0,0,0,2,0,0,2,0,0,0
160,6,2,4000,500,Q99,2,1,6,32,50,112.77792,1.255558472,5,5,4,4,2,5,0,0,0,0,0,1,0,0,0,1,0,0
161,14,2,4000,500,Q21,2,1,5,42,45,112.58208,1.501823934,4,5,3,3,2,4,0,0,0,0,0,1,0,0,0,1,0,0
162,14,2,4000,500,Q22,2,1,5,42,66,112.56354,0.705508145,4,4,3,3,2,4,0,0,0,0,1,1,0,0,0,1,0,0
163,14,2,4000,500,Q25,4,3,11,349,360,113.80428,0.683876991,8,8,5,5,2,10,4,2,0,0,0,5,0,0,0,1,0,0
164,14,2,4000,500,Q26,2,1,6,42,53,112.80821,1.128456835,5,5,4,4,2,7,0,0,0,0,0,1,0,0,0,1,0,0
165,14,2,4000,500,Q27,2,1,6,42,66,112.78289,0.708831672,5,5,4,4,2,6,0,0,0,0,1,1,0,0,0,1,0,0
166,14,2,4000,500,Q28,3,6,13,102,95,112.29344,0.182036229,6,6,0,5,24,6,0,0,0,0,0,6,6,0,4,0,0,1
167,14,2,4000,500,Q29,4,3,11,349,354,113.80428,0.678518974,8,8,5,5,2,10,4,2,0,0,0,5,0,0,0,1,0,0
168,14,2,4000,500,Q30,4,3,12,116,52,113.90039,1.190392127,8,10,5,5,6,10,4,2,0,0,0,6,0,0,0,1,0,0
169,14,2,4000,500,Q31,3,6,25,102,84,115.688225,0.377240771,18,18,12,12,12,15,7,5,0,0,0,12,0,0,1,0,0,0
170,14,2,4000,500,Q32,3,2,7,50,54,112.86041,1.090007641,5,6,3,3,3,7,2,1,0,0,0,2,1,0,0,0,0,1
171,14,2,4000,500,Q33,3,3,17,102,70,114.708786,0.638696943,15,15,12,12,8,18,0,0,0,1,0,4,0,0,0,1,0,0
172,14,2,4000,500,Q34,3,2,7,116,51,113.06198,1.216901592,5,6,3,3,2,7,3,1,0,0,0,3,0,0,1,0,0,0
173,14,2,4000,500,Q35,3,4,11,122,91,113.91542,0.251817808,9,10,5,5,2,9,4,3,0,0,0,5,0,0,0,1,0,0
174,14,2,4000,500,Q36,3,1,6,50,54,112.72411,1.087483583,4,4,3,3,2,6,1,0,0,0,1,2,0,0,1,1,0,0
175,14,2,4000,500,Q37,3,2,6,69,54,112.867966,1.090147513,4,4,2,2,2,6,2,1,0,0,0,3,0,0,0,1,0,0
176,14,2,4000,500,Q38,5,6,17,137,90,114.369675,0.270774163,9,9,3,3,7,10,9,5,0,0,0,12,1,0,0,0,0,1
177,14,2,4000,500,Q40,3,2,7,123,98,112.955185,0.152603928,5,5,3,3,2,5,2,1,0,0,0,3,0,0,0,1,0,0
178,14,2,4000,500,Q41,3,2,4,50,40,112.42551,1.810637665,2,3,1,1,4,4,0,0,0,0,0,2,0,0,0,1,0,0
179,14,2,4000,500,Q42,2,1,4,42,47,112.41354,1.391777526,3,3,2,2,2,4,0,0,0,0,0,1,0,0,0,1,0,0
180,14,2,4000,500,Q43,2,1,4,42,50,112.41354,1.248270874,3,3,2,2,2,4,0,0,0,0,0,1,0,0,0,1,0,0
181,14,2,4000,500,Q44,3,4,9,50,55,113.05499,1.055545321,6,10,2,2,8,9,4,1,2,0,0,4,2,0,4,1,0,0
182,14,2,4000,500,Q45,4,3,9,131,72,113.44689,0.575651275,6,7,3,3,2,7,4,2,0,0,0,5,0,0,0,1,0,0
183,14,2,4000,500,Q46,3,2,9,62,60,113.39393,0.889898809,7,7,5,5,2,9,2,1,0,0,0,3,0,0,0,1,0,0
184,14,2,4000,500,Q47,4,3,19,110,90,114.617775,0.273530833,12,14,9,9,6,14,6,2,0,0,0,9,0,0,4,1,0,0
185,14,2,4000,500,Q48,2,1,6,42,52,112.5547,1.164513515,5,5,4,4,1,6,0,0,0,0,0,0,1,0,0,0,0,1
186,14,2,4000,500,Q49,5,6,17,137,132,114.30548,0.134049387,9,12,3,3,8,15,12,3,0,1,0,10,3,0,6,1,0,0
187,14,2,4000,500,Q50,3,2,7,288,180,112.955185,0.372471195,5,5,3,3,2,5,2,1,0,0,0,3,0,0,0,1,0,0
188,14,2,4000,500,Q51,5,2,10,64,90,113.164825,0.257386949,4,5,2,2,4,7,5,1,0,0,0,7,0,0,3,1,0,0
189,14,2,4000,500,Q52,2,1,4,42,49,112.41354,1.294153953,3,3,2,2,2,4,0,0,0,0,0,1,0,0,0,1,0,0
190,14,2,4000,500,Q53,3,1,6,50,54,112.74266,1.087827047,4,5,3,3,2,6,1,0,0,0,0,2,0,0,1,1,0,0
191,14,2,4000,500,Q54,5,7,15,191,150,114.44786,0.237014262,11,11,4,4,10,14,6,3,2,1,0,9,0,0,2,1,0,0
192,14,2,4000,500,Q55,2,1,4,42,49,112.41354,1.294153953,3,3,2,2,2,4,0,0,0,0,0,1,0,0,0,1,0,0
193,14,2,4000,500,Q56,3,3,17,102,66,114.708786,0.738011909,15,15,12,12,8,18,0,0,0,1,0,4,0,0,0,1,0,0
194,14,2,4000,500,Q57,4,3,19,110,59,114.617775,0.942674152,12,14,9,9,6,14,6,2,0,0,0,9,0,0,4,1,0,0
195,14,2,4000,500,Q58,2,3,16,95,70,114.50309,0.635758427,15,18,9,9,6,17,3,2,3,0,0,3,0,0,3,1,0,0
196,14,2,4000,500,Q59,3,2,11,50,66,113.55743,0.720567067,8,8,6,6,4,9,2,1,0,0,0,4,0,0,0,1,0,0
197,14,2,4000,500,Q60,3,3,17,102,59,114.708786,0.944216712,15,15,12,12,8,18,0,0,0,1,0,4,0,0,0,1,0,0
198,14,2,4000,500,Q61,3,4,16,69,72,114.640015,0.592222426,13,13,9,10,4,21,4,2,0,0,0,4,2,0,1,0,0,0
199,14,2,4000,500,Q62,2,1,6,42,44,112.72014,1.561821331,5,5,4,4,2,5,0,0,0,0,0,1,0,0,0,1,0,0
200,14,2,4000,500,Q63,3,1,6,50,54,112.74266,1.087827047,4,5,3,3,2,6,1,0,0,0,0,2,0,0,1,1,0,0
201,14,2,4000,500,Q64,8,14,53,515,600,121.521164,0.797464727,38,40,24,24,8,41,27,13,0,0,0,28,0,0,1,0,0,0
202,14,2,4000,500,Q65,3,2,9,50,96,113.270645,0.179902554,6,8,4,4,6,7,2,1,0,0,0,4,0,0,0,1,0,0
203,14,2,4000,500,Q66,3,2,12,50,90,113.77806,0.264200677,10,10,8,8,6,12,0,0,0,1,0,3,0,0,0,1,0,0
204,14,2,4000,500,Q67,3,1,6,50,300,112.67328,0.624422404,4,5,3,3,2,4,1,0,0,0,1,2,0,0,1,1,0,0
205,14,2,4000,500,Q68,3,2,9,62,96,113.39393,0.181186755,7,7,5,5,2,9,2,1,0,0,0,3,0,0,0,1,0,0
206,14,2,4000,500,Q69,3,4,11,122,66,113.922195,0.72609387,9,9,5,5,2,10,4,3,0,0,0,5,0,0,0,1,0,0
207,14,2,4000,500,Q70,4,3,9,77,72,113.324234,0.573947695,6,7,4,4,4,8,3,1,0,0,1,4,0,0,2,1,0,0
208,14,2,4000,500,Q71,2,3,9,42,78,113.28806,0.452411065,8,8,5,5,2,10,1,0,0,1,0,1,0,0,1,0,0,0
209,14,2,4000,500,Q72,4,3,14,266,720,114.33023,0.841208013,11,11,8,8,2,13,4,2,0,0,0,5,0,0,0,1,0,0
210,14,2,4000,500,Q73,3,2,7,116,51,113.06198,1.216901592,5,6,3,3,2,7,3,1,0,0,0,3,0,0,1,0,0,0
211,14,2,4000,500,Q74,4,8,21,184,162,115.325035,0.288117067,12,14,4,4,8,10,12,7,0,0,0,16,0,0,0,1,0,0
212,14,2,4000,500,Q75,5,12,31,137,114,117.64562,0.031979143,24,24,12,12,8,25,14,7,0,2,0,18,0,0,0,1,0,0
213,14,2,4000,500,Q76,2,3,10,42,57,113.26174,0.987048099,9,9,6,6,2,6,0,0,0,1,0,1,0,0,0,1,0,0
214,14,2,4000,500,Q77,3,6,18,102,102,115.15581,0.128978505,16,16,10,10,14,19,4,2,0,1,1,7,0,0,1,1,0,0
215,14,2,4000,500,Q78,3,6,13,379,402,114.41073,0.715396198,9,13,3,3,6,8,9,5,0,0,0,9,0,0,0,1,0,0
216,14,2,4000,500,Q79,3,2,7,62,56,113.04328,1.018630028,5,5,3,3,2,7,2,1,0,0,0,3,0,0,0,1,0,0
217,14,2,4000,500,Q80,4,6,23,387,500,116.02243,0.767955139,18,18,12,12,8,24,6,3,0,1,1,10,0,0,0,1,0,0
218,14,2,4000,500,Q81,5,4,13,123,60,114.09143,0.901523844,8,10,4,4,6,9,6,3,0,0,0,8,0,0,0,1,0,0
219,14,2,4000,500,Q82,3,2,6,69,66,112.867966,0.710120692,4,4,2,2,2,6,2,1,0,0,0,3,0,0,0,1,0,0
220,14,2,4000,500,Q83,2,3,16,95,50,114.69702,1.29394043,15,12,12,12,6,17,3,2,0,0,0,3,0,0,0,1,0,0
221,14,2,4000,500,Q84,2,2,7,62,46,113.10814,1.458872588,6,6,4,4,0,7,2,1,0,0,0,2,0,0,0,1,0,0
222,14,2,4000,500,Q85,3,2,10,259,60,113.525185,0.892086411,8,8,6,6,2,9,2,1,0,0,0,3,0,0,0,1,0,0
223,14,2,4000,500,Q86,3,1,5,50,47,112.504745,1.393717989,3,3,2,2,2,4,1,0,0,0,1,2,0,0,1,1,0,0
224,14,2,4000,500,Q87,5,6,17,137,84,114.369675,0.361543746,9,9,3,3,7,10,9,5,0,0,0,12,1,0,0,0,0,1
225,14,2,4000,500,Q88,2,8,33,95,72,117.05411,0.625751495,32,32,24,31,16,48,0,0,0,0,0,0,8,0,6,0,0,1
226,14,2,4000,500,Q89,3,1,6,50,55,112.69862,1.049065885,4,5,3,3,2,5,1,0,0,0,0,2,0,0,1,1,0,0
